config_key,config_label,model_name,ranking_mode,target_mode,user_id,true_position,target_label,top_candidate_label,target_candidate_rank,positive_candidate_rank,top_candidate_rank,top_score,target_score,prompt_token_count,IG:instruction,IG:history,IG:candidates,IG:question,IG:continuation,IG:other,ROLL:instruction,ROLL:history,ROLL:candidates,ROLL:question,ROLL:continuation,ROLL:other,ALTI:instruction,ALTI:history,ALTI:candidates,ALTI:question,ALTI:continuation,ALTI:other,CAM:instruction,CAM:history,CAM:candidates,CAM:question,CAM:continuation,CAM:other
base,Base,unsloth/Llama-3.2-1B-Instruct,text,ground_truth,5,6,F,J,6,6,1,0.12499988079071045,-0.7499998807907104,420,4.5406285781936075,45.820454323702826,39.52184261229246,10.117074485811107,0.0,0.0,0.04709843450609786,99.8083559871478,0.09241003750438624,0.05213554084170762,0.0,0.0,18.07881523334999,26.642966953647196,32.460412153863174,22.81780565913964,0.0,0.0,0.0,0.0,0.0,0.0,0.0,0.0
base,Base,unsloth/Llama-3.2-1B-Instruct,text,model_choice,5,6,J,J,1,6,1,0.12499988079071045,0.12499988079071045,420,6.354036570546846,42.16789637082482,37.85603634776324,13.622030710865099,0.0,0.0,0.04709843450609786,99.8083559871478,0.09241003750438624,0.05213554084170762,0.0,0.0,18.07881523334999,26.642966953647196,32.460412153863174,22.81780565913964,0.0,0.0,0.0,0.0,0.0,0.0,0.0,0.0
base,Base,unsloth/Llama-3.2-1B-Instruct,text,ground_truth,609,8,H,J,10,10,1,0.25,-1.75,452,3.4983407564060576,38.81881286558861,48.82453369149089,8.85831268651444,0.0,0.0,0.048148024770656356,99.80243272426172,0.09771199256793862,0.05170725839969076,0.0,0.0,15.733692919199473,36.334187969412326,30.220322607245386,17.711796504142814,0.0,0.0,0.0,0.0,0.0,0.0,0.0,0.0
base,Base,unsloth/Llama-3.2-1B-Instruct,text,model_choice,609,8,J,J,1,10,1,0.25,0.25,452,6.235163121005384,36.554094706594604,45.019855969539826,12.190886202860188,0.0,0.0,0.048148024770656356,99.80243272426172,0.09771199256793862,0.05170725839969076,0.0,0.0,15.733692919199473,36.334187969412326,30.220322607245386,17.711796504142814,0.0,0.0,0.0,0.0,0.0,0.0,0.0,0.0
base,Base,unsloth/Llama-3.2-1B-Instruct,text,ground_truth,1046,1,A,A,1,1,1,0.0,0.0,442,4.1384569057458975,42.85018915093158,32.95597665786405,20.055377285458473,0.0,0.0,0.04910527074547186,99.80437689993703,0.09305074682182146,0.053467082495689426,0.0,0.0,17.258138420521774,19.43899517512309,31.61112859801691,31.69173780633822,0.0,0.0,0.0,0.0,0.0,0.0,0.0,0.0
base,Base,unsloth/Llama-3.2-1B-Instruct,text,model_choice,1046,1,A,A,1,1,1,0.0,0.0,442,4.1384569057458975,42.85018915093158,32.95597665786405,20.055377285458473,0.0,0.0,0.04910527074547186,99.80437689993703,0.09305074682182146,0.053467082495689426,0.0,0.0,17.258138420521774,19.43899517512309,31.61112859801691,31.69173780633822,0.0,0.0,0.0,0.0,0.0,0.0,0.0,0.0
base,Base,unsloth/Llama-3.2-1B-Instruct,text,ground_truth,1529,6,F,A,7,7,1,0.0,-1.0,437,6.44617427100713,50.60252475368158,29.343618993757627,13.607681981553672,0.0,0.0,0.05117774461408263,99.7998255694355,0.09506482159123769,0.05393186435918527,0.0,0.0,17.83386889391127,19.906945404804315,32.80307545353583,29.45611024774858,0.0,0.0,0.0,0.0,0.0,0.0,0.0,0.0
base,Base,unsloth/Llama-3.2-1B-Instruct,text,model_choice,1529,6,A,A,1,7,1,0.0,0.0,437,4.938780309639539,37.44342508927991,44.175878201961424,13.441916399119123,0.0,0.0,0.05117774461408263,99.7998255694355,0.09506482159123769,0.05393186435918527,0.0,0.0,17.83386889391127,19.906945404804315,32.80307545353583,29.45611024774858,0.0,0.0,0.0,0.0,0.0,0.0,0.0,0.0
base,Base,unsloth/Llama-3.2-1B-Instruct,text,ground_truth,2201,7,G,A,2,2,1,0.125,-0.125,413,4.66412883158454,45.06087546163905,32.422305995576664,17.852689711199744,0.0,0.0,0.04739592410255184,99.80729085538718,0.09472179762545525,0.050591422884811936,0.0,0.0,16.02562220581633,23.583891552834757,29.763826362903217,30.6266598784457,0.0,0.0,0.0,0.0,0.0,0.0,0.0,0.0
base,Base,unsloth/Llama-3.2-1B-Instruct,text,model_choice,2201,7,A,A,1,2,1,0.125,0.125,413,4.66412883158454,45.06087546163905,32.422305995576664,17.852689711199744,0.0,0.0,0.04739592410255184,99.80729085538718,0.09472179762545525,0.050591422884811936,0.0,0.0,16.02562220581633,23.583891552834757,29.763826362903217,30.6266598784457,0.0,0.0,0.0,0.0,0.0,0.0,0.0,0.0
base,Base,unsloth/Llama-3.2-1B-Instruct,text,ground_truth,2436,5,E,J,6,6,1,0.125,-0.75,398,3.436699832976636,34.981839273119775,47.780907540707844,13.800553353195744,0.0,0.0,0.04978251364563389,99.80335446875594,0.09302450290066058,0.05383851469775937,0.0,0.0,15.951822119801385,13.100474729271463,28.628007209452356,42.31969594147479,0.0,0.0,0.0,0.0,0.0,0.0,0.0,0.0
base,Base,unsloth/Llama-3.2-1B-Instruct,text,model_choice,2436,5,J,J,1,6,1,0.125,0.125,398,3.4707608329621116,49.57575805902325,32.58975917308698,14.363721934927657,0.0,0.0,0.04978251364563389,99.80335446875594,0.09302450290066058,0.05383851469775937,0.0,0.0,15.951822119801385,13.100474729271463,28.628007209452356,42.31969594147479,0.0,0.0,0.0,0.0,0.0,0.0,0.0,0.0
base,Base,unsloth/Llama-3.2-1B-Instruct,text,ground_truth,2486,6,F,A,7,7,1,0.24999988079071045,-1.2499998807907104,419,8.451127514689361,39.47018429083403,29.41901938321026,22.65966881126635,0.0,0.0,0.048819318710462134,99.80485311863761,0.09345486949419587,0.052872693157728835,0.0,0.0,16.01131513158266,13.300483334565952,28.38110988443394,42.30709164941745,0.0,0.0,0.0,0.0,0.0,0.0,0.0,0.0
base,Base,unsloth/Llama-3.2-1B-Instruct,text,model_choice,2486,6,A,A,1,7,1,0.24999988079071045,0.24999988079071045,419,6.043110060511285,37.66350755049315,34.81288308357997,21.480499305415595,0.0,0.0,0.048819318710462134,99.80485311863761,0.09345486949419587,0.052872693157728835,0.0,0.0,16.01131513158266,13.300483334565952,28.38110988443394,42.30709164941745,0.0,0.0,0.0,0.0,0.0,0.0,0.0,0.0
base,Base,unsloth/Llama-3.2-1B-Instruct,text,ground_truth,2557,1,A,A,1,1,1,0.25,0.25,428,7.491087679196792,38.4525921728031,39.54671036201868,14.50960978598143,0.0,0.0,0.04730519982512278,99.805603052023,0.0933003407136897,0.0537914074381957,0.0,0.0,18.86310775072694,21.08687455365839,32.38058919299528,27.669428502619393,0.0,0.0,0.0,0.0,0.0,0.0,0.0,0.0
base,Base,unsloth/Llama-3.2-1B-Instruct,text,model_choice,2557,1,A,A,1,1,1,0.25,0.25,428,7.491087679196792,38.4525921728031,39.54671036201868,14.50960978598143,0.0,0.0,0.04730519982512278,99.805603052023,0.0933003407136897,0.0537914074381957,0.0,0.0,18.86310775072694,21.08687455365839,32.38058919299528,27.669428502619393,0.0,0.0,0.0,0.0,0.0,0.0,0.0,0.0
base,Base,unsloth/Llama-3.2-1B-Instruct,text,ground_truth,3172,6,F,A,4,4,1,0.25000011920928955,-0.6250001192092896,417,3.9759964953315587,42.33613246792601,38.386636702261804,15.301234334480629,0.0,0.0,0.04912320177095318,99.80436307800507,0.09450441157914986,0.05200930864482688,0.0,0.0,16.11260986135127,31.287129136584348,30.16150126827793,22.438759733786455,0.0,0.0,0.0,0.0,0.0,0.0,0.0,0.0
base,Base,unsloth/Llama-3.2-1B-Instruct,text,model_choice,3172,6,A,A,1,4,1,0.25000011920928955,0.25000011920928955,417,4.873876935995314,39.47964401627536,36.19306533654258,19.45341371118675,0.0,0.0,0.04912320177095318,99.80436307800507,0.09450441157914986,0.05200930864482688,0.0,0.0,16.11260986135127,31.287129136584348,30.16150126827793,22.438759733786455,0.0,0.0,0.0,0.0,0.0,0.0,0.0,0.0
base,Base,unsloth/Llama-3.2-1B-Instruct,text,ground_truth,3676,6,F,A,6,6,1,0.125,-0.875,422,6.044558283874882,41.388465880978394,34.25971890437987,18.30725693076685,0.0,0.0,0.04952168994733984,99.80420513835517,0.09356845545839758,0.05270471623909231,0.0,0.0,15.568114682448577,20.22731610895559,28.443085805667568,35.76148340292827,0.0,0.0,0.0,0.0,0.0,0.0,0.0,0.0
base,Base,unsloth/Llama-3.2-1B-Instruct,text,model_choice,3676,6,A,A,1,6,1,0.125,0.125,422,5.098336185479008,37.932755973094686,39.90340428337353,17.06550355805278,0.0,0.0,0.04952168994733984,99.80420513835517,0.09356845545839758,0.05270471623909231,0.0,0.0,15.568114682448577,20.22731610895559,28.443085805667568,35.76148340292827,0.0,0.0,0.0,0.0,0.0,0.0,0.0,0.0
base,Base,unsloth/Llama-3.2-1B-Instruct,text,ground_truth,4080,6,F,A,7,7,1,0.37500011920928955,-1.0000001192092896,389,5.187921132459602,47.37407663719617,31.36269017266248,16.075312057681757,0.0,0.0,0.0501432747497559,99.8019807144977,0.09479365213028622,0.05308235862225972,0.0,0.0,18.444006169730486,22.83929586545146,29.53789442937379,29.178803535444263,0.0,0.0,0.0,0.0,0.0,0.0,0.0,0.0
base,Base,unsloth/Llama-3.2-1B-Instruct,text,model_choice,4080,6,A,A,1,7,1,0.37500011920928955,0.37500011920928955,389,5.5748296127106745,45.243179284742745,31.848915082520413,17.333076020026166,0.0,0.0,0.0501432747497559,99.8019807144977,0.09479365213028622,0.05308235862225972,0.0,0.0,18.444006169730486,22.83929586545146,29.53789442937379,29.178803535444263,0.0,0.0,0.0,0.0,0.0,0.0,0.0,0.0
base,Base,unsloth/Llama-3.2-1B-Instruct,text,ground_truth,4500,2,B,J,7,7,1,0.125,-0.9999998807907104,409,6.78531514075245,34.90958312594979,39.67153386632948,18.633567866968274,0.0,0.0,0.04791127862111364,99.80497072092652,0.09355927190949649,0.05355872854286365,0.0,0.0,17.76221356557977,22.138222371780614,31.208019878591543,28.89154418404808,0.0,0.0,0.0,0.0,0.0,0.0,0.0,0.0
base,Base,unsloth/Llama-3.2-1B-Instruct,text,model_choice,4500,2,J,J,1,7,1,0.125,0.125,409,6.328161087884129,44.519248375687916,36.5984813279259,12.554109208502053,0.0,0.0,0.04791127862111364,99.80497072092652,0.09355927190949649,0.05355872854286365,0.0,0.0,17.76221356557977,22.138222371780614,31.208019878591543,28.89154418404808,0.0,0.0,0.0,0.0,0.0,0.0,0.0,0.0
base,Base,unsloth/Llama-3.2-1B-Instruct,text,ground_truth,4660,7,G,J,4,4,1,0.125,-0.75,412,2.778151340146198,46.14924829858983,38.61574321848595,12.456857142778015,0.0,0.0,0.048653965955540876,99.80388986616886,0.09523911397018567,0.05221705390541571,0.0,0.0,17.532123467954474,20.476358572006408,33.89748377588785,28.094034184151273,0.0,0.0,0.0,0.0,0.0,0.0,0.0,0.0
base,Base,unsloth/Llama-3.2-1B-Instruct,text,model_choice,4660,7,J,J,1,4,1,0.125,0.125,412,7.150093612130743,41.29014822018823,35.4692225233734,16.09053564430762,0.0,0.0,0.048653965955540876,99.80388986616886,0.09523911397018567,0.05221705390541571,0.0,0.0,17.532123467954474,20.476358572006408,33.89748377588785,28.094034184151273,0.0,0.0,0.0,0.0,0.0,0.0,0.0,0.0
base,Base,unsloth/Llama-3.2-1B-Instruct,text,ground_truth,4722,7,G,A,4,4,1,0.6250001192092896,-0.8750001192092896,446,3.3457298814701337,40.40635607163024,42.055547290833005,14.192366756066624,0.0,0.0,0.05003572341922525,99.8015517353963,0.09490887776088237,0.05350366342359594,0.0,0.0,18.97547390479555,16.57098627377558,28.51459403717062,35.93894578425825,0.0,0.0,0.0,0.0,0.0,0.0,0.0,0.0
base,Base,unsloth/Llama-3.2-1B-Instruct,text,model_choice,4722,7,A,A,1,4,1,0.6250001192092896,0.6250001192092896,446,4.022907792422338,42.57559371497292,39.35571250073123,14.045785991873524,0.0,0.0,0.05003572341922525,99.8015517353963,0.09490887776088237,0.05350366342359594,0.0,0.0,18.97547390479555,16.57098627377558,28.51459403717062,35.93894578425825,0.0,0.0,0.0,0.0,0.0,0.0,0.0,0.0
base,Base,unsloth/Llama-3.2-1B-Instruct,text,ground_truth,4888,1,A,A,1,1,1,0.24999988079071045,0.24999988079071045,425,5.618301106916399,42.60501996315621,38.6814824103168,13.09519651961059,0.0,0.0,0.04987431800021927,99.8029943576064,0.09472961176759706,0.052401712625783144,0.0,0.0,18.451106486854453,19.572893751503546,27.54334762943953,34.43265213220247,0.0,0.0,0.0,0.0,0.0,0.0,0.0,0.0
base,Base,unsloth/Llama-3.2-1B-Instruct,text,model_choice,4888,1,A,A,1,1,1,0.24999988079071045,0.24999988079071045,425,5.618301106916399,42.60501996315621,38.6814824103168,13.09519651961059,0.0,0.0,0.04987431800021927,99.8029943576064,0.09472961176759706,0.052401712625783144,0.0,0.0,18.451106486854453,19.572893751503546,27.54334762943953,34.43265213220247,0.0,0.0,0.0,0.0,0.0,0.0,0.0,0.0
base,Base,unsloth/Llama-3.2-1B-Instruct,text,ground_truth,5531,6,F,J,6,6,1,0.125,-1.375,413,4.994780882871787,45.38294085366819,35.00822517893324,14.614053084526782,0.0,0.0,0.04934935295519566,99.80249230030417,0.09380132810745663,0.0543570186331812,0.0,0.0,17.33614671297908,15.67256085997073,29.70843388870047,37.28285853834972,0.0,0.0,0.0,0.0,0.0,0.0,0.0,0.0
base,Base,unsloth/Llama-3.2-1B-Instruct,text,model_choice,5531,6,J,J,1,6,1,0.125,0.125,413,6.8683617340115575,37.66280035488857,37.617907539467495,17.85093037163238,0.0,0.0,0.04934935295519566,99.80249230030417,0.09380132810745663,0.0543570186331812,0.0,0.0,17.33614671297908,15.67256085997073,29.70843388870047,37.28285853834972,0.0,0.0,0.0,0.0,0.0,0.0,0.0,0.0
base,Base,unsloth/Llama-3.2-1B-Instruct,text,ground_truth,5536,8,H,A,5,5,1,0.125,-0.75,394,4.590724686875521,37.31086573379808,41.965114449704174,16.13329512962222,0.0,0.0,0.04877386942777284,99.80325607162312,0.09631661747223862,0.05165344147686394,0.0,0.0,15.671932868737121,15.939802536366676,30.851617782073284,37.53664681282292,0.0,0.0,0.0,0.0,0.0,0.0,0.0,0.0
base,Base,unsloth/Llama-3.2-1B-Instruct,text,model_choice,5536,8,A,A,1,5,1,0.125,0.125,394,4.689845210998267,39.497863102820524,35.527640010711465,20.284651675469746,0.0,0.0,0.04877386942777284,99.80325607162312,0.09631661747223862,0.05165344147686394,0.0,0.0,15.671932868737121,15.939802536366676,30.851617782073284,37.53664681282292,0.0,0.0,0.0,0.0,0.0,0.0,0.0,0.0
base,Base,unsloth/Llama-3.2-1B-Instruct,text,ground_truth,5795,8,H,A,10,10,1,0.375,-1.5,403,6.144235909478836,36.35927890259583,41.06046678889184,16.4360183990335,0.0,0.0,0.046498682796922,99.81092135501865,0.09177959973139097,0.0508003624530291,0.0,0.0,14.475088473669704,19.822305070194393,27.486940274433096,38.21566618170281,0.0,0.0,0.0,0.0,0.0,0.0,0.0,0.0
base,Base,unsloth/Llama-3.2-1B-Instruct,text,model_choice,5795,8,A,A,1,10,1,0.375,0.375,403,4.151558966027375,47.89279196288811,30.8230818652964,17.132567205788117,0.0,0.0,0.046498682796922,99.81092135501865,0.09177959973139097,0.0508003624530291,0.0,0.0,14.475088473669704,19.822305070194393,27.486940274433096,38.21566618170281,0.0,0.0,0.0,0.0,0.0,0.0,0.0,0.0
base,Base,unsloth/Llama-3.2-1B-Instruct,text,ground_truth,5924,1,A,J,2,2,1,0.25,-0.25,399,4.836276549613537,42.36281837265646,38.790888082626985,14.010016995103014,0.0,0.0,0.05046031099825249,99.79655076204457,0.09956597277330913,0.05342295418385573,0.0,0.0,16.484083394384747,25.68831675221001,32.156340621795394,25.671259231609845,0.0,0.0,0.0,0.0,0.0,0.0,0.0,0.0
base,Base,unsloth/Llama-3.2-1B-Instruct,text,model_choice,5924,1,J,J,1,2,1,0.25,0.25,399,4.836276549613537,42.36281837265646,38.790888082626985,14.010016995103014,0.0,0.0,0.05046031099825249,99.79655076204457,0.09956597277330913,0.05342295418385573,0.0,0.0,16.484083394384747,25.68831675221001,32.156340621795394,25.671259231609845,0.0,0.0,0.0,0.0,0.0,0.0,0.0,0.0
base,Base,unsloth/Llama-3.2-1B-Instruct,text,ground_truth,5955,6,F,A,5,5,1,0.125,-0.25,441,4.768707121116966,44.842041212965825,34.450963943614006,15.938287722303201,0.0,0.0,0.04719530870437024,99.8060653141833,0.09569623750201846,0.05104313961031286,0.0,0.0,17.98050946100009,20.340095019516248,32.98859514715351,28.690800372330155,0.0,0.0,0.0,0.0,0.0,0.0,0.0,0.0
base,Base,unsloth/Llama-3.2-1B-Instruct,text,model_choice,5955,6,A,A,1,5,1,0.125,0.125,441,5.57402309787812,45.44113745824273,30.84149928454058,18.143340159338575,0.0,0.0,0.04719530870437024,99.8060653141833,0.09569623750201846,0.05104313961031286,0.0,0.0,17.98050946100009,20.340095019516248,32.98859514715351,28.690800372330155,0.0,0.0,0.0,0.0,0.0,0.0,0.0,0.0
base_sas,Base + SAS,unsloth/Llama-3.2-1B-Instruct,candidates,ground_truth,5,6,F,C,2,2,1,0.125,-0.125,310,7.0406840508907695,42.20949464263079,38.256169528895825,12.493651777582619,0.0,0.0,0.11047789451008928,99.67087092451561,0.20236667723044863,0.016284503743853682,0.0,0.0,5.4150324698496375,4.6587191095358245,89.39595823749778,0.5302901831167497,0.0,0.0,0.0,0.0,0.0,0.0,0.0,0.0
base_sas,Base + SAS,unsloth/Llama-3.2-1B-Instruct,candidates,model_choice,5,6,C,C,1,2,1,0.125,0.125,310,7.0406840508907695,42.20949464263079,38.256169528895825,12.493651777582619,0.0,0.0,0.11047789451008928,99.67087092451561,0.20236667723044863,0.016284503743853682,0.0,0.0,5.4150324698496375,4.6587191095358245,89.39595823749778,0.5302901831167497,0.0,0.0,0.0,0.0,0.0,0.0,0.0,0.0
base_sas,Base + SAS,unsloth/Llama-3.2-1B-Instruct,candidates,ground_truth,609,8,H,H,1,1,1,1.625,1.625,310,5.237626650857168,34.09508482433786,37.962389111803745,22.704899413001225,0.0,0.0,0.1275313887017045,99.63354948055955,0.22228776959440133,0.016631361144349464,0.0,0.0,8.268352662821112,7.809975742646329,82.9433876049473,0.978283989585258,0.0,0.0,0.0,0.0,0.0,0.0,0.0,0.0
base_sas,Base + SAS,unsloth/Llama-3.2-1B-Instruct,candidates,model_choice,609,8,H,H,1,1,1,1.625,1.625,310,5.237626650857168,34.09508482433786,37.962389111803745,22.704899413001225,0.0,0.0,0.1275313887017045,99.63354948055955,0.22228776959440133,0.016631361144349464,0.0,0.0,8.268352662821112,7.809975742646329,82.9433876049473,0.978283989585258,0.0,0.0,0.0,0.0,0.0,0.0,0.0,0.0
base_sas,Base + SAS,unsloth/Llama-3.2-1B-Instruct,candidates,ground_truth,1046,1,A,H,7,7,1,0.75,-1.9999998807907104,341,5.01179998521391,34.315417323349536,24.30533110784342,36.36745158359313,0.0,0.0,0.10390308788405896,99.68185494806843,0.19882350927251552,0.015418454774988082,0.0,0.0,4.49684031697355,2.8184466349556203,92.24680030426771,0.43791274380312756,0.0,0.0,0.0,0.0,0.0,0.0,0.0,0.0
base_sas,Base + SAS,unsloth/Llama-3.2-1B-Instruct,candidates,model_choice,1046,1,H,H,1,7,1,0.75,0.75,341,8.142984311361037,34.34738353580127,34.61496507083741,22.89466708200029,0.0,0.0,0.10390308788405896,99.68185494806843,0.19882350927251552,0.015418454774988082,0.0,0.0,4.49684031697355,2.8184466349556203,92.24680030426771,0.43791274380312756,0.0,0.0,0.0,0.0,0.0,0.0,0.0,0.0
base_sas,Base + SAS,unsloth/Llama-3.2-1B-Instruct,candidates,ground_truth,1529,6,F,F,1,1,1,0.25,0.25,335,5.701779860601622,40.062715519437596,29.29865085342913,24.936853766531648,0.0,0.0,0.11046268022387493,99.65855342889719,0.21399397278126622,0.016989918097666104,0.0,0.0,5.941095185946445,4.870908532235763,88.45492644119646,0.733069840621328,0.0,0.0,0.0,0.0,0.0,0.0,0.0,0.0
base_sas,Base + SAS,unsloth/Llama-3.2-1B-Instruct,candidates,model_choice,1529,6,F,F,1,1,1,0.25,0.25,335,5.701779860601622,40.062715519437596,29.29865085342913,24.936853766531648,0.0,0.0,0.11046268022387493,99.65855342889719,0.21399397278126622,0.016989918097666104,0.0,0.0,5.941095185946445,4.870908532235763,88.45492644119646,0.733069840621328,0.0,0.0,0.0,0.0,0.0,0.0,0.0,0.0
base_sas,Base + SAS,unsloth/Llama-3.2-1B-Instruct,candidates,ground_truth,2201,7,G,I,5,5,1,2.0,-3.125,296,3.6249598511113166,49.76442838928447,32.83754295144132,13.773068808162897,0.0,0.0,0.11369494283785211,99.65942497417223,0.21169034799518902,0.01518973499472563,0.0,0.0,3.5880268850939596,3.250898362758752,92.608872223036,0.5522025291112945,0.0,0.0,0.0,0.0,0.0,0.0,0.0,0.0
base_sas,Base + SAS,unsloth/Llama-3.2-1B-Instruct,candidates,model_choice,2201,7,I,I,1,5,1,2.0,2.0,296,4.346482294669447,36.14541211064283,43.9505285644372,15.55757703025053,0.0,0.0,0.11369494283785211,99.65942497417223,0.21169034799518902,0.01518973499472563,0.0,0.0,3.5880268850939596,3.250898362758752,92.608872223036,0.5522025291112945,0.0,0.0,0.0,0.0,0.0,0.0,0.0,0.0
base_sas,Base + SAS,unsloth/Llama-3.2-1B-Instruct,candidates,ground_truth,2436,5,E,I,5,5,1,1.1250001192092896,-1.5000001192092896,297,3.182979687612019,47.16218133252466,36.66508467021469,12.989754309648635,0.0,0.0,0.11801185678044693,99.65224744081695,0.21423151501049104,0.015509187392122637,0.0,0.0,3.192716092174861,2.3486519324535102,93.86288400598012,0.5957479693915109,0.0,0.0,0.0,0.0,0.0,0.0,0.0,0.0
base_sas,Base + SAS,unsloth/Llama-3.2-1B-Instruct,candidates,model_choice,2436,5,I,I,1,5,1,1.1250001192092896,1.1250001192092896,297,3.858466482309461,42.544207862527,38.885162455120756,14.712163200042788,0.0,0.0,0.11801185678044693,99.65224744081695,0.21423151501049104,0.015509187392122637,0.0,0.0,3.192716092174861,2.3486519324535102,93.86288400598012,0.5957479693915109,0.0,0.0,0.0,0.0,0.0,0.0,0.0,0.0
base_sas,Base + SAS,unsloth/Llama-3.2-1B-Instruct,candidates,ground_truth,2486,6,F,B,4,4,1,0.25,-1.2500001192092896,314,6.719878908215529,40.347596044214626,34.9238166058864,18.008708441683453,0.0,0.0,0.11058901608385191,99.66401175791103,0.20928532921919768,0.016113896785920984,0.0,0.0,4.189972586477726,2.741277183141946,92.47484841225166,0.5939018181286725,0.0,0.0,0.0,0.0,0.0,0.0,0.0,0.0
base_sas,Base + SAS,unsloth/Llama-3.2-1B-Instruct,candidates,model_choice,2486,6,B,B,1,4,1,0.25,0.25,314,8.178337847752095,33.2450259445593,32.90384413447827,25.67279207321033,0.0,0.0,0.11058901608385191,99.66401175791103,0.20928532921919768,0.016113896785920984,0.0,0.0,4.189972586477726,2.741277183141946,92.47484841225166,0.5939018181286725,0.0,0.0,0.0,0.0,0.0,0.0,0.0,0.0
base_sas,Base + SAS,unsloth/Llama-3.2-1B-Instruct,candidates,ground_truth,2557,1,A,D,4,4,1,1.5,-2.75,307,5.454864761049206,37.803823710980566,25.639260897581227,31.102050630388995,0.0,0.0,0.11211026959981908,99.66209305059925,0.21035885232211213,0.015437827478811011,0.0,0.0,4.625702363482569,4.232450037098111,90.5168382038926,0.6250093955267166,0.0,0.0,0.0,0.0,0.0,0.0,0.0,0.0
base_sas,Base + SAS,unsloth/Llama-3.2-1B-Instruct,candidates,model_choice,2557,1,D,D,1,4,1,1.5,1.5,307,5.926568780628504,39.64499495604062,37.91455036192972,16.513885901401157,0.0,0.0,0.11211026959981908,99.66209305059925,0.21035885232211213,0.015437827478811011,0.0,0.0,4.625702363482569,4.232450037098111,90.5168382038926,0.6250093955267166,0.0,0.0,0.0,0.0,0.0,0.0,0.0,0.0
base_sas,Base + SAS,unsloth/Llama-3.2-1B-Instruct,candidates,ground_truth,3172,6,F,G,4,4,1,0.375,-1.5,313,4.007963452920895,46.09610781926812,36.79224173256288,13.103686995248104,0.0,0.0,0.11091438036262738,99.66750053534523,0.20604922584888696,0.01553585844324874,0.0,0.0,4.877719215861596,3.485503095819372,91.07343186081485,0.5633458275041833,0.0,0.0,0.0,0.0,0.0,0.0,0.0,0.0
base_sas,Base + SAS,unsloth/Llama-3.2-1B-Instruct,candidates,model_choice,3172,6,G,G,1,4,1,0.375,0.375,313,3.891787491269837,53.504696003949235,30.9141312777245,11.689385227056423,0.0,0.0,0.11091438036262738,99.66750053534523,0.20604922584888696,0.01553585844324874,0.0,0.0,4.877719215861596,3.485503095819372,91.07343186081485,0.5633458275041833,0.0,0.0,0.0,0.0,0.0,0.0,0.0,0.0
base_sas,Base + SAS,unsloth/Llama-3.2-1B-Instruct,candidates,ground_truth,3676,6,F,F,1,1,1,0.125,0.125,312,4.314669181527172,46.2565856516195,37.57526057988313,11.853484586970199,0.0,0.0,0.10159767336214223,99.69430166294241,0.1885913501319035,0.015509313563549542,0.0,0.0,5.173077449659695,2.8746295452850954,91.26869445401381,0.6835985510413992,0.0,0.0,0.0,0.0,0.0,0.0,0.0,0.0
base_sas,Base + SAS,unsloth/Llama-3.2-1B-Instruct,candidates,model_choice,3676,6,F,F,1,1,1,0.125,0.125,312,4.314669181527172,46.2565856516195,37.57526057988313,11.853484586970199,0.0,0.0,0.10159767336214223,99.69430166294241,0.1885913501319035,0.015509313563549542,0.0,0.0,5.173077449659695,2.8746295452850954,91.26869445401381,0.6835985510413992,0.0,0.0,0.0,0.0,0.0,0.0,0.0,0.0
base_sas,Base + SAS,unsloth/Llama-3.2-1B-Instruct,candidates,ground_truth,4080,6,F,E,7,7,1,1.5,-2.75,288,5.575511675752258,39.171892533367966,37.36332726303619,17.889268527843587,0.0,0.0,0.11244559935932519,99.67337697678434,0.19937428582883204,0.01480313802750816,0.0,0.0,5.9631176098510865,3.734988491065211,89.64672389860823,0.6551700004754766,0.0,0.0,0.0,0.0,0.0,0.0,0.0,0.0
base_sas,Base + SAS,unsloth/Llama-3.2-1B-Instruct,candidates,model_choice,4080,6,E,E,1,7,1,1.5,1.5,288,5.031883511183636,35.99392661429237,42.354109686093096,16.6200801884309,0.0,0.0,0.11244559935932519,99.67337697678434,0.19937428582883204,0.01480313802750816,0.0,0.0,5.9631176098510865,3.734988491065211,89.64672389860823,0.6551700004754766,0.0,0.0,0.0,0.0,0.0,0.0,0.0,0.0
base_sas,Base + SAS,unsloth/Llama-3.2-1B-Instruct,candidates,ground_truth,4500,2,B,F,6,6,1,0.25,-3.0,299,4.200666172446538,49.92542760577366,28.853115957566494,17.020790264213304,0.0,0.0,0.12074756687278378,99.6478507998464,0.21607193442983944,0.015329698850985804,0.0,0.0,4.591992216299395,3.428160713765059,91.34003384440601,0.639813225529541,0.0,0.0,0.0,0.0,0.0,0.0,0.0,0.0
base_sas,Base + SAS,unsloth/Llama-3.2-1B-Instruct,candidates,model_choice,4500,2,F,F,1,6,1,0.25,0.25,299,4.689826742720863,37.26746275391497,43.364440866633515,14.67826963673065,0.0,0.0,0.12074756687278378,99.6478507998464,0.21607193442983944,0.015329698850985804,0.0,0.0,4.591992216299395,3.428160713765059,91.34003384440601,0.639813225529541,0.0,0.0,0.0,0.0,0.0,0.0,0.0,0.0
base_sas,Base + SAS,unsloth/Llama-3.2-1B-Instruct,candidates,ground_truth,4660,7,G,D,6,6,1,0.375,-2.125,293,4.761754425330775,49.43273858957881,31.253374198407457,14.55213278668296,0.0,0.0,0.11244871461617283,99.66656702133162,0.20603969988810733,0.01494456416410983,0.0,0.0,4.115072501028042,3.424732663794841,91.9037297988202,0.5564650363569146,0.0,0.0,0.0,0.0,0.0,0.0,0.0,0.0
base_sas,Base + SAS,unsloth/Llama-3.2-1B-Instruct,candidates,model_choice,4660,7,D,D,1,6,1,0.375,0.375,293,5.852733192124143,35.65820122585469,44.33420639295893,14.154859189062238,0.0,0.0,0.11244871461617283,99.66656702133162,0.20603969988810733,0.01494456416410983,0.0,0.0,4.115072501028042,3.424732663794841,91.9037297988202,0.5564650363569146,0.0,0.0,0.0,0.0,0.0,0.0,0.0,0.0
base_sas,Base + SAS,unsloth/Llama-3.2-1B-Instruct,candidates,ground_truth,4722,7,G,G,1,1,1,1.375,1.375,331,4.109382239164781,34.22385450511371,43.982791178413564,17.68397207730794,0.0,0.0,0.10115513224353267,99.6874498360025,0.19639142347457808,0.01500360827939485,0.0,0.0,4.347148219483305,2.809359152195723,92.24320042392267,0.6002922043982944,0.0,0.0,0.0,0.0,0.0,0.0,0.0,0.0
base_sas,Base + SAS,unsloth/Llama-3.2-1B-Instruct,candidates,model_choice,4722,7,G,G,1,1,1,1.375,1.375,331,4.109382239164781,34.22385450511371,43.982791178413564,17.68397207730794,0.0,0.0,0.10115513224353267,99.6874498360025,0.19639142347457808,0.01500360827939485,0.0,0.0,4.347148219483305,2.809359152195723,92.24320042392267,0.6002922043982944,0.0,0.0,0.0,0.0,0.0,0.0,0.0,0.0
base_sas,Base + SAS,unsloth/Llama-3.2-1B-Instruct,candidates,ground_truth,4888,1,A,E,3,3,1,1.3749998807907104,-1.9999998807907104,322,4.544556822069551,37.650933828286576,24.990691158267587,32.813818191376285,0.0,0.0,0.10929901654451218,99.67101413647347,0.20469999493179505,0.014986852050208221,0.0,0.0,4.832580959015206,5.131988967075133,89.58144255440634,0.4539875195033297,0.0,0.0,0.0,0.0,0.0,0.0,0.0,0.0
base_sas,Base + SAS,unsloth/Llama-3.2-1B-Instruct,candidates,model_choice,4888,1,E,E,1,3,1,1.3749998807907104,1.3749998807907104,322,4.818190385435398,43.88443976957145,35.87306486404623,15.424304980946928,0.0,0.0,0.10929901654451218,99.67101413647347,0.20469999493179505,0.014986852050208221,0.0,0.0,4.832580959015206,5.131988967075133,89.58144255440634,0.4539875195033297,0.0,0.0,0.0,0.0,0.0,0.0,0.0,0.0
base_sas,Base + SAS,unsloth/Llama-3.2-1B-Instruct,candidates,ground_truth,5531,6,F,J,4,4,1,0.5000001192092896,-1.0000001192092896,317,4.537814474129543,30.70817104753727,34.10575479407106,30.64825968426213,0.0,0.0,0.11690819869895934,99.65638307400975,0.21199826612220463,0.014710461169080197,0.0,0.0,3.5365645321838244,1.817183953256557,93.94881975073397,0.6974317638256416,0.0,0.0,0.0,0.0,0.0,0.0,0.0,0.0
base_sas,Base + SAS,unsloth/Llama-3.2-1B-Instruct,candidates,model_choice,5531,6,J,J,1,4,1,0.5000001192092896,0.5000001192092896,317,2.9904168786735417,42.69366785638994,35.46400046012864,18.85191480480788,0.0,0.0,0.11690819869895934,99.65638307400975,0.21199826612220463,0.014710461169080197,0.0,0.0,3.5365645321838244,1.817183953256557,93.94881975073397,0.6974317638256416,0.0,0.0,0.0,0.0,0.0,0.0,0.0,0.0
base_sas,Base + SAS,unsloth/Llama-3.2-1B-Instruct,candidates,ground_truth,5536,8,H,F,6,6,1,1.125,-3.125,286,5.419880543199569,33.077886444333366,40.70188762584247,20.800345386624596,0.0,0.0,0.13069129699539153,99.61915515815734,0.23426546059023035,0.01588808425704141,0.0,0.0,5.745057693368217,5.5448563461033915,87.98266704195467,0.7274189185737242,0.0,0.0,0.0,0.0,0.0,0.0,0.0,0.0
base_sas,Base + SAS,unsloth/Llama-3.2-1B-Instruct,candidates,model_choice,5536,8,F,F,1,6,1,1.125,1.125,286,4.766915112236281,46.81523301940943,32.36545596964555,16.052395898708742,0.0,0.0,0.13069129699539153,99.61915515815734,0.23426546059023035,0.01588808425704141,0.0,0.0,5.745057693368217,5.5448563461033915,87.98266704195467,0.7274189185737242,0.0,0.0,0.0,0.0,0.0,0.0,0.0,0.0
base_sas,Base + SAS,unsloth/Llama-3.2-1B-Instruct,candidates,ground_truth,5795,8,H,F,5,5,1,0.125,-2.25,299,5.870624327996458,34.72059036733927,39.62817724066569,19.780608063998578,0.0,0.0,0.12215208484074776,99.63550268186411,0.22673760442159419,0.015607628873546081,0.0,0.0,5.319834993390628,3.4448627122745616,90.70922838663743,0.5260739076973815,0.0,0.0,0.0,0.0,0.0,0.0,0.0,0.0
base_sas,Base + SAS,unsloth/Llama-3.2-1B-Instruct,candidates,model_choice,5795,8,F,F,1,5,1,0.125,0.125,299,5.2459778519802835,35.24680085612816,34.96814668180765,24.539074610083905,0.0,0.0,0.12215208484074776,99.63550268186411,0.22673760442159419,0.015607628873546081,0.0,0.0,5.319834993390628,3.4448627122745616,90.70922838663743,0.5260739076973815,0.0,0.0,0.0,0.0,0.0,0.0,0.0,0.0
base_sas,Base + SAS,unsloth/Llama-3.2-1B-Instruct,candidates,ground_truth,5924,1,A,B,3,3,1,0.5,-0.625,299,7.624832789482132,47.922868390556886,20.395374182835635,24.056924637125352,0.0,0.0,0.10638991729254371,99.67500675306879,0.20143316257870544,0.017170167059971875,0.0,0.0,4.835185510447708,8.115054285212452,86.09960376409227,0.9501564402475656,0.0,0.0,0.0,0.0,0.0,0.0,0.0,0.0
base_sas,Base + SAS,unsloth/Llama-3.2-1B-Instruct,candidates,model_choice,5924,1,B,B,1,3,1,0.5,0.5,299,4.51977072535,52.53491617199613,29.864628948269768,13.080684154384107,0.0,0.0,0.10638991729254371,99.67500675306879,0.20143316257870544,0.017170167059971875,0.0,0.0,4.835185510447708,8.115054285212452,86.09960376409227,0.9501564402475656,0.0,0.0,0.0,0.0,0.0,0.0,0.0,0.0
base_sas,Base + SAS,unsloth/Llama-3.2-1B-Instruct,candidates,ground_truth,5955,6,F,E,4,4,1,0.125,-0.375,329,3.2322926844147912,43.154853262514536,35.305881305144695,18.30697274792598,0.0,0.0,0.12292774766942771,99.63246856704944,0.22848514053773467,0.01611854474338728,0.0,0.0,6.883258907971173,9.460772140417902,82.9778919116231,0.6780770399878251,0.0,0.0,0.0,0.0,0.0,0.0,0.0,0.0
base_sas,Base + SAS,unsloth/Llama-3.2-1B-Instruct,candidates,model_choice,5955,6,E,E,1,4,1,0.125,0.125,329,3.672733623454183,35.476801594730055,34.1285942247229,26.72187055709286,0.0,0.0,0.12292774766942771,99.63246856704944,0.22848514053773467,0.01611854474338728,0.0,0.0,6.883258907971173,9.460772140417902,82.9778919116231,0.6780770399878251,0.0,0.0,0.0,0.0,0.0,0.0,0.0,0.0
lora,LoRA,/content/drive/MyDrive/project-ADI/llama31-1b-movielens-ranking-lora,text,ground_truth,5,6,F,F,1,1,1,0.3750000596046448,0.3750000596046448,420,4.267683160882173,36.860202970386645,51.028656952806664,7.843456915924521,0.0,0.0,0.048118674580134295,99.81953039566403,0.10718051993770875,0.025170409818133888,0.0,0.0,20.50447063469008,29.347784782745084,37.219985079548486,12.92775950301635,0.0,0.0,0.0,0.0,0.0,0.0,0.0,0.0
lora,LoRA,/content/drive/MyDrive/project-ADI/llama31-1b-movielens-ranking-lora,text,model_choice,5,6,F,F,1,1,1,0.3750000596046448,0.3750000596046448,420,4.267683160882173,36.860202970386645,51.028656952806664,7.843456915924521,0.0,0.0,0.048118674580134295,99.81953039566403,0.10718051993770875,0.025170409818133888,0.0,0.0,20.50447063469008,29.347784782745084,37.219985079548486,12.92775950301635,0.0,0.0,0.0,0.0,0.0,0.0,0.0,0.0
lora,LoRA,/content/drive/MyDrive/project-ADI/llama31-1b-movielens-ranking-lora,text,ground_truth,609,8,H,H,1,1,1,1.75,1.75,452,2.931734939634766,45.6860298350318,44.31869487580413,7.0635403495293,0.0,0.0,0.03994141653440532,99.84234176756704,0.09328706142691282,0.02442975447165314,0.0,0.0,19.555203942304715,28.18055631676647,37.49622902731542,14.768010713613391,0.0,0.0,0.0,0.0,0.0,0.0,0.0,0.0
lora,LoRA,/content/drive/MyDrive/project-ADI/llama31-1b-movielens-ranking-lora,text,model_choice,609,8,H,H,1,1,1,1.75,1.75,452,2.931734939634766,45.6860298350318,44.31869487580413,7.0635403495293,0.0,0.0,0.03994141653440532,99.84234176756704,0.09328706142691282,0.02442975447165314,0.0,0.0,19.555203942304715,28.18055631676647,37.49622902731542,14.768010713613391,0.0,0.0,0.0,0.0,0.0,0.0,0.0,0.0
lora,LoRA,/content/drive/MyDrive/project-ADI/llama31-1b-movielens-ranking-lora,text,ground_truth,1046,1,A,H,8,8,1,3.5,-5.75,442,3.37070210739012,39.53866583937732,41.56610192238384,15.524530130848719,0.0,0.0,0.041473384002547166,99.84442544403777,0.08852661659582803,0.025574555363856093,0.0,0.0,20.7018137064402,31.184240681585507,39.81902973792329,8.294915874051009,0.0,0.0,0.0,0.0,0.0,0.0,0.0,0.0
lora,LoRA,/content/drive/MyDrive/project-ADI/llama31-1b-movielens-ranking-lora,text,model_choice,1046,1,H,H,1,8,1,3.5,3.5,442,2.4371948116723496,50.52631545035632,39.841250106809724,7.1952396311616065,0.0,0.0,0.041473384002547166,99.84442544403777,0.08852661659582803,0.025574555363856093,0.0,0.0,20.7018137064402,31.184240681585507,39.81902973792329,8.294915874051009,0.0,0.0,0.0,0.0,0.0,0.0,0.0,0.0
lora,LoRA,/content/drive/MyDrive/project-ADI/llama31-1b-movielens-ranking-lora,text,ground_truth,1529,6,F,F,1,1,1,2.5,2.5,437,3.2814572141605334,39.89787741920359,44.56774684659107,12.252918520044807,0.0,0.0,0.04485596952172166,99.83800727921613,0.09210120781596792,0.025035543446185467,0.0,0.0,21.499953395090202,28.45526536549573,40.8396559866331,9.205125252780979,0.0,0.0,0.0,0.0,0.0,0.0,0.0,0.0
lora,LoRA,/content/drive/MyDrive/project-ADI/llama31-1b-movielens-ranking-lora,text,model_choice,1529,6,F,F,1,1,1,2.5,2.5,437,3.2814572141605334,39.89787741920359,44.56774684659107,12.252918520044807,0.0,0.0,0.04485596952172166,99.83800727921613,0.09210120781596792,0.025035543446185467,0.0,0.0,21.499953395090202,28.45526536549573,40.8396559866331,9.205125252780979,0.0,0.0,0.0,0.0,0.0,0.0,0.0,0.0
lora,LoRA,/content/drive/MyDrive/project-ADI/llama31-1b-movielens-ranking-lora,text,ground_truth,2201,7,G,I,4,4,1,2.5,-2.75,413,2.1780211842305937,57.236574766724225,33.8394732619726,6.745930787072579,0.0,0.0,0.04532060001418093,99.81693846701582,0.11208388499300483,0.025657047977004098,0.0,0.0,17.604071832717857,24.83099354328979,48.41474767031631,9.150186953676041,0.0,0.0,0.0,0.0,0.0,0.0,0.0,0.0
lora,LoRA,/content/drive/MyDrive/project-ADI/llama31-1b-movielens-ranking-lora,text,model_choice,2201,7,I,I,1,4,1,2.5,2.5,413,2.5573616692719012,49.336242087124724,41.92735220766083,6.179044035942546,0.0,0.0,0.04532060001418093,99.81693846701582,0.11208388499300483,0.025657047977004098,0.0,0.0,17.604071832717857,24.83099354328979,48.41474767031631,9.150186953676041,0.0,0.0,0.0,0.0,0.0,0.0,0.0,0.0
lora,LoRA,/content/drive/MyDrive/project-ADI/llama31-1b-movielens-ranking-lora,text,ground_truth,2436,5,E,E,1,1,1,0.0,0.0,398,4.007879044209012,42.13182688274109,44.65366675313528,9.206627319914615,0.0,0.0,0.04742700102473964,99.82333754961299,0.1043629399669599,0.024872509395308866,0.0,0.0,22.319818147126693,29.00394764398656,40.23561686623789,8.44061734264886,0.0,0.0,0.0,0.0,0.0,0.0,0.0,0.0
lora,LoRA,/content/drive/MyDrive/project-ADI/llama31-1b-movielens-ranking-lora,text,model_choice,2436,5,E,E,1,1,1,0.0,0.0,398,4.007879044209012,42.13182688274109,44.65366675313528,9.206627319914615,0.0,0.0,0.04742700102473964,99.82333754961299,0.1043629399669599,0.024872509395308866,0.0,0.0,22.319818147126693,29.00394764398656,40.23561686623789,8.44061734264886,0.0,0.0,0.0,0.0,0.0,0.0,0.0,0.0
lora,LoRA,/content/drive/MyDrive/project-ADI/llama31-1b-movielens-ranking-lora,text,ground_truth,2486,6,F,F,1,1,1,0.125,0.125,419,3.6483112251882326,39.841289494149294,43.96928804662772,12.541111234034755,0.0,0.0,0.04518033851909476,99.8403118486302,0.08991221107412649,0.02459560177658674,0.0,0.0,26.773941632268123,23.506495470274334,35.97254291746742,13.747019979990124,0.0,0.0,0.0,0.0,0.0,0.0,0.0,0.0
lora,LoRA,/content/drive/MyDrive/project-ADI/llama31-1b-movielens-ranking-lora,text,model_choice,2486,6,F,F,1,1,1,0.125,0.125,419,3.6483112251882326,39.841289494149294,43.96928804662772,12.541111234034755,0.0,0.0,0.04518033851909476,99.8403118486302,0.08991221107412649,0.02459560177658674,0.0,0.0,26.773941632268123,23.506495470274334,35.97254291746742,13.747019979990124,0.0,0.0,0.0,0.0,0.0,0.0,0.0,0.0
lora,LoRA,/content/drive/MyDrive/project-ADI/llama31-1b-movielens-ranking-lora,text,ground_truth,2557,1,A,D,5,5,1,1.5,-3.749999761581421,428,5.152405819173002,35.58840097699751,49.231568537254184,10.027624666575303,0.0,0.0,0.04432825131183341,99.84241770025346,0.08695687057593982,0.026297177858761085,0.0,0.0,21.739176375275775,33.6408100797663,31.324417640163578,13.29559590479435,0.0,0.0,0.0,0.0,0.0,0.0,0.0,0.0
lora,LoRA,/content/drive/MyDrive/project-ADI/llama31-1b-movielens-ranking-lora,text,model_choice,2557,1,D,D,1,5,1,1.5,1.5,428,2.7577482440578414,31.58661442102198,56.74471641006279,8.91092092485739,0.0,0.0,0.04432825131183341,99.84241770025346,0.08695687057593982,0.026297177858761085,0.0,0.0,21.739176375275775,33.6408100797663,31.324417640163578,13.29559590479435,0.0,0.0,0.0,0.0,0.0,0.0,0.0,0.0
lora,LoRA,/content/drive/MyDrive/project-ADI/llama31-1b-movielens-ranking-lora,text,ground_truth,3172,6,F,E,3,3,1,0.75,-1.1249998807907104,417,3.130200446358523,43.84359406025539,44.60305594582076,8.423149547565325,0.0,0.0,0.047157550559419774,99.82455725721164,0.10370832625948971,0.02457686596946258,0.0,0.0,23.229344889554653,25.188813565000157,42.986750387055245,8.595091158389947,0.0,0.0,0.0,0.0,0.0,0.0,0.0,0.0
lora,LoRA,/content/drive/MyDrive/project-ADI/llama31-1b-movielens-ranking-lora,text,model_choice,3172,6,E,E,1,3,1,0.75,0.75,417,2.250321100766973,40.270018577274115,51.33713950283779,6.142520819121119,0.0,0.0,0.047157550559419774,99.82455725721164,0.10370832625948971,0.02457686596946258,0.0,0.0,23.229344889554653,25.188813565000157,42.986750387055245,8.595091158389947,0.0,0.0,0.0,0.0,0.0,0.0,0.0,0.0
lora,LoRA,/content/drive/MyDrive/project-ADI/llama31-1b-movielens-ranking-lora,text,ground_truth,3676,6,F,F,1,1,1,0.125,0.125,422,5.839082019455555,44.432596546361594,38.204226233316376,11.524095200866482,0.0,0.0,0.0497821570817111,99.83127643868687,0.0933953760088926,0.025546028222514488,0.0,0.0,24.09236436810069,36.05391451782879,34.05256250438307,5.801158609687458,0.0,0.0,0.0,0.0,0.0,0.0,0.0,0.0
lora,LoRA,/content/drive/MyDrive/project-ADI/llama31-1b-movielens-ranking-lora,text,model_choice,3676,6,F,F,1,1,1,0.125,0.125,422,5.839082019455555,44.432596546361594,38.204226233316376,11.524095200866482,0.0,0.0,0.0497821570817111,99.83127643868687,0.0933953760088926,0.025546028222514488,0.0,0.0,24.09236436810069,36.05391451782879,34.05256250438307,5.801158609687458,0.0,0.0,0.0,0.0,0.0,0.0,0.0,0.0
lora,LoRA,/content/drive/MyDrive/project-ADI/llama31-1b-movielens-ranking-lora,text,ground_truth,4080,6,F,F,1,1,1,0.125,0.125,389,4.6952752984156545,40.40950116893857,46.66519271986667,8.230030812779107,0.0,0.0,0.04641670169347811,99.82711134351577,0.10107357468836294,0.025398380102401297,0.0,0.0,19.368635106304723,34.94433219128636,38.33098415723243,7.356048545176493,0.0,0.0,0.0,0.0,0.0,0.0,0.0,0.0
lora,LoRA,/content/drive/MyDrive/project-ADI/llama31-1b-movielens-ranking-lora,text,model_choice,4080,6,F,F,1,1,1,0.125,0.125,389,4.6952752984156545,40.40950116893857,46.66519271986667,8.230030812779107,0.0,0.0,0.04641670169347811,99.82711134351577,0.10107357468836294,0.025398380102401297,0.0,0.0,19.368635106304723,34.94433219128636,38.33098415723243,7.356048545176493,0.0,0.0,0.0,0.0,0.0,0.0,0.0,0.0
lora,LoRA,/content/drive/MyDrive/project-ADI/llama31-1b-movielens-ranking-lora,text,ground_truth,4500,2,B,J,3,3,1,0.25,-0.25,409,3.5989192377652914,44.17018140287035,42.29284341680978,9.938055942554577,0.0,0.0,0.04320910886545299,99.83662789700657,0.09455283205397322,0.025610162074019872,0.0,0.0,22.628352503204777,27.208054372639612,35.60753474492032,14.55605837923529,0.0,0.0,0.0,0.0,0.0,0.0,0.0,0.0
lora,LoRA,/content/drive/MyDrive/project-ADI/llama31-1b-movielens-ranking-lora,text,model_choice,4500,2,J,J,1,3,1,0.25,0.25,409,2.204540005982942,45.64718879952123,42.270149055388615,9.878122139107209,0.0,0.0,0.04320910886545299,99.83662789700657,0.09455283205397322,0.025610162074019872,0.0,0.0,22.628352503204777,27.208054372639612,35.60753474492032,14.55605837923529,0.0,0.0,0.0,0.0,0.0,0.0,0.0,0.0
lora,LoRA,/content/drive/MyDrive/project-ADI/llama31-1b-movielens-ranking-lora,text,ground_truth,4660,7,G,D,4,4,1,0.125,-0.5,412,4.38198602252694,36.0541840456618,50.39958493235734,9.164244999453917,0.0,0.0,0.042471383649928335,99.8404767737638,0.09237719645791581,0.0246746461283614,0.0,0.0,21.78761696747848,30.427475694953344,34.85847128733635,12.926436050231821,0.0,0.0,0.0,0.0,0.0,0.0,0.0,0.0
lora,LoRA,/content/drive/MyDrive/project-ADI/llama31-1b-movielens-ranking-lora,text,model_choice,4660,7,D,D,1,4,1,0.125,0.125,412,3.962677075599155,43.71722036617991,44.96469322425281,7.355409333968123,0.0,0.0,0.042471383649928335,99.8404767737638,0.09237719645791581,0.0246746461283614,0.0,0.0,21.78761696747848,30.427475694953344,34.85847128733635,12.926436050231821,0.0,0.0,0.0,0.0,0.0,0.0,0.0,0.0
lora,LoRA,/content/drive/MyDrive/project-ADI/llama31-1b-movielens-ranking-lora,text,ground_truth,4722,7,G,G,1,1,1,1.0,1.0,446,3.7979117817929406,34.82395546857853,53.753605771492275,7.624526978136251,0.0,0.0,0.050371865142270995,99.81029024628154,0.11306494342512735,0.026272945151065076,0.0,0.0,22.927033834569418,31.69110312911947,37.628484460376605,7.7533785759345095,0.0,0.0,0.0,0.0,0.0,0.0,0.0,0.0
lora,LoRA,/content/drive/MyDrive/project-ADI/llama31-1b-movielens-ranking-lora,text,model_choice,4722,7,G,G,1,1,1,1.0,1.0,446,3.7979117817929406,34.82395546857853,53.753605771492275,7.624526978136251,0.0,0.0,0.050371865142270995,99.81029024628154,0.11306494342512735,0.026272945151065076,0.0,0.0,22.927033834569418,31.69110312911947,37.628484460376605,7.7533785759345095,0.0,0.0,0.0,0.0,0.0,0.0,0.0,0.0
lora,LoRA,/content/drive/MyDrive/project-ADI/llama31-1b-movielens-ranking-lora,text,ground_truth,4888,1,A,I,8,8,1,1.875,-6.125,425,5.485957813696286,48.51146047181987,36.49744591934791,9.505135795135937,0.0,0.0,0.04603605346265133,99.8264398483956,0.10189058966199858,0.025633508479753764,0.0,0.0,20.46259283823591,24.275404664169073,42.538369154104004,12.723633343491016,0.0,0.0,0.0,0.0,0.0,0.0,0.0,0.0
lora,LoRA,/content/drive/MyDrive/project-ADI/llama31-1b-movielens-ranking-lora,text,model_choice,4888,1,I,I,1,8,1,1.875,1.875,425,3.6222793730025113,43.10565181702966,41.01532444670891,12.256744363258921,0.0,0.0,0.04603605346265133,99.8264398483956,0.10189058966199858,0.025633508479753764,0.0,0.0,20.46259283823591,24.275404664169073,42.538369154104004,12.723633343491016,0.0,0.0,0.0,0.0,0.0,0.0,0.0,0.0
lora,LoRA,/content/drive/MyDrive/project-ADI/llama31-1b-movielens-ranking-lora,text,ground_truth,5531,6,F,E,2,2,1,1.5,-1.5,413,4.3357384168725766,46.63920984956987,39.76961530246035,9.255436431097195,0.0,0.0,0.04649017400062049,99.82835331331398,0.09899722300769867,0.0261592896776982,0.0,0.0,24.083167702366186,30.381080332547818,37.97781950003747,7.55793246504853,0.0,0.0,0.0,0.0,0.0,0.0,0.0,0.0
lora,LoRA,/content/drive/MyDrive/project-ADI/llama31-1b-movielens-ranking-lora,text,model_choice,5531,6,E,E,1,2,1,1.5,1.5,413,4.3357384168725766,46.63920984956987,39.76961530246035,9.255436431097195,0.0,0.0,0.04649017400062049,99.82835331331398,0.09899722300769867,0.0261592896776982,0.0,0.0,24.083167702366186,30.381080332547818,37.97781950003747,7.55793246504853,0.0,0.0,0.0,0.0,0.0,0.0,0.0,0.0
lora,LoRA,/content/drive/MyDrive/project-ADI/llama31-1b-movielens-ranking-lora,text,ground_truth,5536,8,H,H,1,1,1,0.75,0.75,394,2.566436773919892,27.922057579214744,60.83649421698386,8.675011429881504,0.0,0.0,0.04494076070894855,99.82810084524914,0.1015644801161236,0.025393913925792475,0.0,0.0,20.980998429397175,26.933090981719943,41.40313556734503,10.682775021537854,0.0,0.0,0.0,0.0,0.0,0.0,0.0,0.0
lora,LoRA,/content/drive/MyDrive/project-ADI/llama31-1b-movielens-ranking-lora,text,model_choice,5536,8,H,H,1,1,1,0.75,0.75,394,2.566436773919892,27.922057579214744,60.83649421698386,8.675011429881504,0.0,0.0,0.04494076070894855,99.82810084524914,0.1015644801161236,0.025393913925792475,0.0,0.0,20.980998429397175,26.933090981719943,41.40313556734503,10.682775021537854,0.0,0.0,0.0,0.0,0.0,0.0,0.0,0.0
lora,LoRA,/content/drive/MyDrive/project-ADI/llama31-1b-movielens-ranking-lora,text,ground_truth,5795,8,H,H,1,1,1,0.875,0.875,403,2.649045255837168,36.97818691846512,52.30983357938942,8.062934246308293,0.0,0.0,0.04598309460184135,99.82379428912819,0.10534352455753612,0.02487909171243264,0.0,0.0,22.582994408618816,23.186693841659586,44.76738553928878,9.462926210432816,0.0,0.0,0.0,0.0,0.0,0.0,0.0,0.0
lora,LoRA,/content/drive/MyDrive/project-ADI/llama31-1b-movielens-ranking-lora,text,model_choice,5795,8,H,H,1,1,1,0.875,0.875,403,2.649045255837168,36.97818691846512,52.30983357938942,8.062934246308293,0.0,0.0,0.04598309460184135,99.82379428912819,0.10534352455753612,0.02487909171243264,0.0,0.0,22.582994408618816,23.186693841659586,44.76738553928878,9.462926210432816,0.0,0.0,0.0,0.0,0.0,0.0,0.0,0.0
lora,LoRA,/content/drive/MyDrive/project-ADI/llama31-1b-movielens-ranking-lora,text,ground_truth,5924,1,A,I,7,7,1,0.5,-6.5,399,2.931836115071921,52.20493805911458,33.72250792587175,11.14071789994175,0.0,0.0,0.05247618694244052,99.79809979147103,0.12139622272701905,0.02802779885950801,0.0,0.0,20.479365933760125,33.07193400816412,37.856554849794875,8.59214520828088,0.0,0.0,0.0,0.0,0.0,0.0,0.0,0.0
lora,LoRA,/content/drive/MyDrive/project-ADI/llama31-1b-movielens-ranking-lora,text,model_choice,5924,1,I,I,1,7,1,0.5,0.5,399,3.4397169005869346,48.3830877665257,39.861318108153895,8.315877224733462,0.0,0.0,0.05247618694244052,99.79809979147103,0.12139622272701905,0.02802779885950801,0.0,0.0,20.479365933760125,33.07193400816412,37.856554849794875,8.59214520828088,0.0,0.0,0.0,0.0,0.0,0.0,0.0,0.0
lora,LoRA,/content/drive/MyDrive/project-ADI/llama31-1b-movielens-ranking-lora,text,ground_truth,5955,6,F,H,7,7,1,0.25,-3.749999761581421,441,3.2124845695656643,54.32814654301029,32.09823907235785,10.36112981506619,0.0,0.0,0.04303463732644307,99.82860332446148,0.1028880594568027,0.025473978755267804,0.0,0.0,21.700304589376096,30.431386272954537,39.65150715816599,8.216801979503378,0.0,0.0,0.0,0.0,0.0,0.0,0.0,0.0
lora,LoRA,/content/drive/MyDrive/project-ADI/llama31-1b-movielens-ranking-lora,text,model_choice,5955,6,H,H,1,7,1,0.25,0.25,441,3.0435221643555583,42.93275663364471,39.77213776408954,14.25158343791019,0.0,0.0,0.04303463732644307,99.82860332446148,0.1028880594568027,0.025473978755267804,0.0,0.0,21.700304589376096,30.431386272954537,39.65150715816599,8.216801979503378,0.0,0.0,0.0,0.0,0.0,0.0,0.0,0.0
lora_sas,LoRA + SAS,/content/drive/MyDrive/project-ADI/llama31-1b-movielens-ranking-lora,candidates,ground_truth,5,6,F,D,2,2,1,0.125,-0.125,310,7.070619711808436,49.38028118219071,29.523232096994896,14.025867009005962,0.0,0.0,0.10353507774504694,99.67986615906942,0.19841644181791074,0.018182321367620054,0.0,0.0,7.361597458282995,7.317416296345737,84.31116867454747,1.0098175708237904,0.0,0.0,0.0,0.0,0.0,0.0,0.0,0.0
lora_sas,LoRA + SAS,/content/drive/MyDrive/project-ADI/llama31-1b-movielens-ranking-lora,candidates,model_choice,5,6,D,D,1,2,1,0.125,0.125,310,7.070619711808436,49.38028118219071,29.523232096994896,14.025867009005962,0.0,0.0,0.10353507774504694,99.67986615906942,0.19841644181791074,0.018182321367620054,0.0,0.0,7.361597458282995,7.317416296345737,84.31116867454747,1.0098175708237904,0.0,0.0,0.0,0.0,0.0,0.0,0.0,0.0
lora_sas,LoRA + SAS,/content/drive/MyDrive/project-ADI/llama31-1b-movielens-ranking-lora,candidates,ground_truth,609,8,H,H,1,1,1,0.875,0.875,310,3.6476715900749586,46.598877684129086,22.143553690562616,27.609897035233338,0.0,0.0,0.10941346474136815,99.66687093171493,0.20425017097713527,0.019465432566573224,0.0,0.0,9.665522368377006,15.386092564626328,73.57458383133559,1.3738012356610791,0.0,0.0,0.0,0.0,0.0,0.0,0.0,0.0
lora_sas,LoRA + SAS,/content/drive/MyDrive/project-ADI/llama31-1b-movielens-ranking-lora,candidates,model_choice,609,8,H,H,1,1,1,0.875,0.875,310,3.6476715900749586,46.598877684129086,22.143553690562616,27.609897035233338,0.0,0.0,0.10941346474136815,99.66687093171493,0.20425017097713527,0.019465432566573224,0.0,0.0,9.665522368377006,15.386092564626328,73.57458383133559,1.3738012356610791,0.0,0.0,0.0,0.0,0.0,0.0,0.0,0.0
lora_sas,LoRA + SAS,/content/drive/MyDrive/project-ADI/llama31-1b-movielens-ranking-lora,candidates,ground_truth,1046,1,A,H,3,3,1,0.625,-0.7500001192092896,341,4.843277213754979,35.961697958531175,25.3898366018661,33.80518822584775,0.0,0.0,0.0934512174193212,99.70082854102706,0.18797586902116672,0.01774437253244875,0.0,0.0,4.008072089174327,2.592915960427206,92.31009911918277,1.0889128312157033,0.0,0.0,0.0,0.0,0.0,0.0,0.0,0.0
lora_sas,LoRA + SAS,/content/drive/MyDrive/project-ADI/llama31-1b-movielens-ranking-lora,candidates,model_choice,1046,1,H,H,1,3,1,0.625,0.625,341,6.27459675585333,39.09139671793705,27.04241533060156,27.591591195608057,0.0,0.0,0.0934512174193212,99.70082854102706,0.18797586902116672,0.01774437253244875,0.0,0.0,4.008072089174327,2.592915960427206,92.31009911918277,1.0889128312157033,0.0,0.0,0.0,0.0,0.0,0.0,0.0,0.0
lora_sas,LoRA + SAS,/content/drive/MyDrive/project-ADI/llama31-1b-movielens-ranking-lora,candidates,ground_truth,1529,6,F,F,1,1,1,0.25,0.25,335,3.7783613566678595,50.96568680574198,25.703399079201418,19.552552758388735,0.0,0.0,0.09949902740953842,99.67994449680019,0.2012477329606983,0.019308742829579822,0.0,0.0,3.4403488015022714,3.4362833633042835,92.18932894496164,0.9340388902317996,0.0,0.0,0.0,0.0,0.0,0.0,0.0,0.0
lora_sas,LoRA + SAS,/content/drive/MyDrive/project-ADI/llama31-1b-movielens-ranking-lora,candidates,model_choice,1529,6,F,F,1,1,1,0.25,0.25,335,3.7783613566678595,50.96568680574198,25.703399079201418,19.552552758388735,0.0,0.0,0.09949902740953842,99.67994449680019,0.2012477329606983,0.019308742829579822,0.0,0.0,3.4403488015022714,3.4362833633042835,92.18932894496164,0.9340388902317996,0.0,0.0,0.0,0.0,0.0,0.0,0.0,0.0
lora_sas,LoRA + SAS,/content/drive/MyDrive/project-ADI/llama31-1b-movielens-ranking-lora,candidates,ground_truth,2201,7,G,I,5,5,1,2.0,-2.75,296,5.338862381643088,42.104556496486865,30.05873985150939,22.49784127036066,0.0,0.0,0.10327250801815009,99.67858177355406,0.20101916705763342,0.017126551370165884,0.0,0.0,2.732447736389902,2.2046646587073804,94.29579656465424,0.7670910402484785,0.0,0.0,0.0,0.0,0.0,0.0,0.0,0.0
lora_sas,LoRA + SAS,/content/drive/MyDrive/project-ADI/llama31-1b-movielens-ranking-lora,candidates,model_choice,2201,7,I,I,1,5,1,2.0,2.0,296,5.838860383589947,39.17422087153645,34.60915476987486,20.37776397499875,0.0,0.0,0.10327250801815009,99.67858177355406,0.20101916705763342,0.017126551370165884,0.0,0.0,2.732447736389902,2.2046646587073804,94.29579656465424,0.7670910402484785,0.0,0.0,0.0,0.0,0.0,0.0,0.0,0.0
lora_sas,LoRA + SAS,/content/drive/MyDrive/project-ADI/llama31-1b-movielens-ranking-lora,candidates,ground_truth,2436,5,E,I,6,6,1,1.0,-1.8750001192092896,297,4.231227141149415,48.70167236354075,32.260738356661776,14.806362138648051,0.0,0.0,0.10544800727799411,99.67653392578501,0.20014602735040588,0.017872039586597423,0.0,0.0,4.104585050227633,5.8154089419461,89.41675510031966,0.6632509075065941,0.0,0.0,0.0,0.0,0.0,0.0,0.0,0.0
lora_sas,LoRA + SAS,/content/drive/MyDrive/project-ADI/llama31-1b-movielens-ranking-lora,candidates,model_choice,2436,5,I,I,1,6,1,1.0,1.0,297,3.40738139405191,46.69758543634755,34.55975081134285,15.335282358257684,0.0,0.0,0.10544800727799411,99.67653392578501,0.20014602735040588,0.017872039586597423,0.0,0.0,4.104585050227633,5.8154089419461,89.41675510031966,0.6632509075065941,0.0,0.0,0.0,0.0,0.0,0.0,0.0,0.0
lora_sas,LoRA + SAS,/content/drive/MyDrive/project-ADI/llama31-1b-movielens-ranking-lora,candidates,ground_truth,2486,6,F,B,4,4,1,0.375,-0.8749998807907104,314,4.787402240870836,38.99952802200446,34.42232730725588,21.790742429868825,0.0,0.0,0.10070160344211418,99.67943045522124,0.20191735448768386,0.01795058684896617,0.0,0.0,6.664685938647709,5.145585148246646,87.31151213089635,0.8782167822093,0.0,0.0,0.0,0.0,0.0,0.0,0.0,0.0
lora_sas,LoRA + SAS,/content/drive/MyDrive/project-ADI/llama31-1b-movielens-ranking-lora,candidates,model_choice,2486,6,B,B,1,4,1,0.375,0.375,314,4.607162031276642,34.59902587225272,33.07156125606664,27.722250840404,0.0,0.0,0.10070160344211418,99.67943045522124,0.20191735448768386,0.01795058684896617,0.0,0.0,6.664685938647709,5.145585148246646,87.31151213089635,0.8782167822093,0.0,0.0,0.0,0.0,0.0,0.0,0.0,0.0
lora_sas,LoRA + SAS,/content/drive/MyDrive/project-ADI/llama31-1b-movielens-ranking-lora,candidates,ground_truth,2557,1,A,F,3,3,1,0.0,-1.5,307,5.46316702638412,48.542398502492475,28.57888088680292,17.415553584320488,0.0,0.0,0.10195191017480093,99.68478846903915,0.19586374903856996,0.01739587174748229,0.0,0.0,4.26746674923628,6.653247319220126,88.19216645196067,0.8871194795829155,0.0,0.0,0.0,0.0,0.0,0.0,0.0,0.0
lora_sas,LoRA + SAS,/content/drive/MyDrive/project-ADI/llama31-1b-movielens-ranking-lora,candidates,model_choice,2557,1,F,F,1,3,1,0.0,0.0,307,5.426422319166942,45.94894516666299,31.686643885661216,16.93798862850886,0.0,0.0,0.10195191017480093,99.68478846903915,0.19586374903856996,0.01739587174748229,0.0,0.0,4.26746674923628,6.653247319220126,88.19216645196067,0.8871194795829155,0.0,0.0,0.0,0.0,0.0,0.0,0.0,0.0
lora_sas,LoRA + SAS,/content/drive/MyDrive/project-ADI/llama31-1b-movielens-ranking-lora,candidates,ground_truth,3172,6,F,G,4,4,1,0.375,-1.6249998807907104,313,3.798218806040108,43.71912817431653,31.61847178652873,20.864181233114635,0.0,0.0,0.10140910306364122,99.680337497135,0.20062170524868211,0.017631694552677823,0.0,0.0,3.83556010237437,2.9409245798201153,92.42485763029453,0.7986576875109903,0.0,0.0,0.0,0.0,0.0,0.0,0.0,0.0
lora_sas,LoRA + SAS,/content/drive/MyDrive/project-ADI/llama31-1b-movielens-ranking-lora,candidates,model_choice,3172,6,G,G,1,4,1,0.375,0.375,313,3.780961600142091,47.04771335894041,33.40450546883588,15.76681957208162,0.0,0.0,0.10140910306364122,99.680337497135,0.20062170524868211,0.017631694552677823,0.0,0.0,3.83556010237437,2.9409245798201153,92.42485763029453,0.7986576875109903,0.0,0.0,0.0,0.0,0.0,0.0,0.0,0.0
lora_sas,LoRA + SAS,/content/drive/MyDrive/project-ADI/llama31-1b-movielens-ranking-lora,candidates,ground_truth,3676,6,F,F,1,1,1,0.0,0.0,312,7.376411943194437,46.4750620910452,33.035942069057626,13.112583896702743,0.0,0.0,0.09453953976565672,99.70336940068148,0.18486323965694487,0.017227819895928854,0.0,0.0,6.435877700716196,4.369281896153921,88.33157265874351,0.8632677443863791,0.0,0.0,0.0,0.0,0.0,0.0,0.0,0.0
lora_sas,LoRA + SAS,/content/drive/MyDrive/project-ADI/llama31-1b-movielens-ranking-lora,candidates,model_choice,3676,6,F,F,1,1,1,0.0,0.0,312,7.376411943194437,46.4750620910452,33.035942069057626,13.112583896702743,0.0,0.0,0.09453953976565672,99.70336940068148,0.18486323965694487,0.017227819895928854,0.0,0.0,6.435877700716196,4.369281896153921,88.33157265874351,0.8632677443863791,0.0,0.0,0.0,0.0,0.0,0.0,0.0,0.0
lora_sas,LoRA + SAS,/content/drive/MyDrive/project-ADI/llama31-1b-movielens-ranking-lora,candidates,ground_truth,4080,6,F,E,7,7,1,1.5,-3.0,288,5.523004024971921,40.88446676779455,42.66564524632238,10.926883960911157,0.0,0.0,0.1082139497751307,99.67476214757248,0.20030757624429135,0.01671632640809932,0.0,0.0,4.714606232381014,5.960853700363796,88.50308416762975,0.8214558996254349,0.0,0.0,0.0,0.0,0.0,0.0,0.0,0.0
lora_sas,LoRA + SAS,/content/drive/MyDrive/project-ADI/llama31-1b-movielens-ranking-lora,candidates,model_choice,4080,6,E,E,1,7,1,1.5,1.5,288,5.125168955500312,47.608115607514954,32.079772616106744,15.186942820877988,0.0,0.0,0.1082139497751307,99.67476214757248,0.20030757624429135,0.01671632640809932,0.0,0.0,4.714606232381014,5.960853700363796,88.50308416762975,0.8214558996254349,0.0,0.0,0.0,0.0,0.0,0.0,0.0,0.0
lora_sas,LoRA + SAS,/content/drive/MyDrive/project-ADI/llama31-1b-movielens-ranking-lora,candidates,ground_truth,4500,2,B,F,7,7,1,0.375,-1.6249998807907104,299,3.946921406610177,56.23897248303072,26.896110730293287,12.917995380065811,0.0,0.0,0.10916351649232221,99.66596811848511,0.20659980694860236,0.018268558073966733,0.0,0.0,5.014618775839275,4.36570374959823,89.74742881881603,0.872248655746464,0.0,0.0,0.0,0.0,0.0,0.0,0.0,0.0
lora_sas,LoRA + SAS,/content/drive/MyDrive/project-ADI/llama31-1b-movielens-ranking-lora,candidates,model_choice,4500,2,F,F,1,7,1,0.375,0.375,299,4.906831002057722,34.811933672730284,37.87673245453876,22.40450287067323,0.0,0.0,0.10916351649232221,99.66596811848511,0.20659980694860236,0.018268558073966733,0.0,0.0,5.014618775839275,4.36570374959823,89.74742881881603,0.872248655746464,0.0,0.0,0.0,0.0,0.0,0.0,0.0,0.0
lora_sas,LoRA + SAS,/content/drive/MyDrive/project-ADI/llama31-1b-movielens-ranking-lora,candidates,ground_truth,4660,7,G,D,10,10,1,0.125,-2.75,293,4.731031812446764,42.39003355297739,33.838356861227886,19.040577773347955,0.0,0.0,0.10223826501022167,99.68555461040783,0.19542752796499105,0.016779596616951508,0.0,0.0,4.3875942557700585,5.17873037595203,89.54925048118942,0.8844248870884903,0.0,0.0,0.0,0.0,0.0,0.0,0.0,0.0
lora_sas,LoRA + SAS,/content/drive/MyDrive/project-ADI/llama31-1b-movielens-ranking-lora,candidates,model_choice,4660,7,D,D,1,10,1,0.125,0.125,293,6.022317296762806,43.20767759162505,35.802626227620856,14.967378883991293,0.0,0.0,0.10223826501022167,99.68555461040783,0.19542752796499105,0.016779596616951508,0.0,0.0,4.3875942557700585,5.17873037595203,89.54925048118942,0.8844248870884903,0.0,0.0,0.0,0.0,0.0,0.0,0.0,0.0
lora_sas,LoRA + SAS,/content/drive/MyDrive/project-ADI/llama31-1b-movielens-ranking-lora,candidates,ground_truth,4722,7,G,G,1,1,1,0.875,0.875,331,4.043246074634444,41.84007841611352,32.87547262813744,21.2412028811146,0.0,0.0,0.09523155029022934,99.69952803960152,0.18782109675579245,0.017419313352460445,0.0,0.0,5.079075245262013,4.545853834784077,89.4030816507794,0.9719892691745169,0.0,0.0,0.0,0.0,0.0,0.0,0.0,0.0
lora_sas,LoRA + SAS,/content/drive/MyDrive/project-ADI/llama31-1b-movielens-ranking-lora,candidates,model_choice,4722,7,G,G,1,1,1,0.875,0.875,331,4.043246074634444,41.84007841611352,32.87547262813744,21.2412028811146,0.0,0.0,0.09523155029022934,99.69952803960152,0.18782109675579245,0.017419313352460445,0.0,0.0,5.079075245262013,4.545853834784077,89.4030816507794,0.9719892691745169,0.0,0.0,0.0,0.0,0.0,0.0,0.0,0.0
lora_sas,LoRA + SAS,/content/drive/MyDrive/project-ADI/llama31-1b-movielens-ranking-lora,candidates,ground_truth,4888,1,A,E,3,3,1,0.5,-0.6249998807907104,322,3.456544880597153,45.70126401144793,33.445934236160475,17.39625687179444,0.0,0.0,0.10261118742910676,99.6800491482375,0.19968032416952972,0.017659340163861253,0.0,0.0,4.5271895538798175,8.20856032390634,86.54375195962548,0.7204981625883597,0.0,0.0,0.0,0.0,0.0,0.0,0.0,0.0
lora_sas,LoRA + SAS,/content/drive/MyDrive/project-ADI/llama31-1b-movielens-ranking-lora,candidates,model_choice,4888,1,E,E,1,3,1,0.5,0.5,322,2.6472519728873176,46.97047070536443,33.20591059200159,17.176366729746675,0.0,0.0,0.10261118742910676,99.6800491482375,0.19968032416952972,0.017659340163861253,0.0,0.0,4.5271895538798175,8.20856032390634,86.54375195962548,0.7204981625883597,0.0,0.0,0.0,0.0,0.0,0.0,0.0,0.0
lora_sas,LoRA + SAS,/content/drive/MyDrive/project-ADI/llama31-1b-movielens-ranking-lora,candidates,ground_truth,5531,6,F,J,3,3,1,0.375,-0.5,317,3.348427239376186,40.99328862497426,30.611196829755528,25.047087305894028,0.0,0.0,0.10487652251895022,99.67633027915032,0.20064126293060522,0.018151935400121093,0.0,0.0,3.195921182023405,2.2643699286267114,93.49481159090692,1.0448972984429659,0.0,0.0,0.0,0.0,0.0,0.0,0.0,0.0
lora_sas,LoRA + SAS,/content/drive/MyDrive/project-ADI/llama31-1b-movielens-ranking-lora,candidates,model_choice,5531,6,J,J,1,3,1,0.375,0.375,317,3.342614429310565,38.1955952487768,30.270295678958938,28.191494642953703,0.0,0.0,0.10487652251895022,99.67633027915032,0.20064126293060522,0.018151935400121093,0.0,0.0,3.195921182023405,2.2643699286267114,93.49481159090692,1.0448972984429659,0.0,0.0,0.0,0.0,0.0,0.0,0.0,0.0
lora_sas,LoRA + SAS,/content/drive/MyDrive/project-ADI/llama31-1b-movielens-ranking-lora,candidates,ground_truth,5536,8,H,F,4,4,1,1.25,-2.125,286,5.245355984810331,29.787765781669695,34.569618181978896,30.397260051541082,0.0,0.0,0.11351239843838709,99.65830948922988,0.2104770980680777,0.017701014263658617,0.0,0.0,4.170572748227661,4.034079038506782,90.6727157699336,1.1226324433319497,0.0,0.0,0.0,0.0,0.0,0.0,0.0,0.0
lora_sas,LoRA + SAS,/content/drive/MyDrive/project-ADI/llama31-1b-movielens-ranking-lora,candidates,model_choice,5536,8,F,F,1,4,1,1.25,1.25,286,2.815094647665494,48.478844802433464,37.00115368549849,11.70490686440256,0.0,0.0,0.11351239843838709,99.65830948922988,0.2104770980680777,0.017701014263658617,0.0,0.0,4.170572748227661,4.034079038506782,90.6727157699336,1.1226324433319497,0.0,0.0,0.0,0.0,0.0,0.0,0.0,0.0
lora_sas,LoRA + SAS,/content/drive/MyDrive/project-ADI/llama31-1b-movielens-ranking-lora,candidates,ground_truth,5795,8,H,F,5,5,1,1.5,-2.125,299,7.541799575761877,40.08575315885563,27.260221217546842,25.11222604783565,0.0,0.0,0.10843429797899125,99.66711854067252,0.2060323031257248,0.018414858222765007,0.0,0.0,4.842238651181907,4.208574038936245,89.84400406062045,1.1051832492613938,0.0,0.0,0.0,0.0,0.0,0.0,0.0,0.0
lora_sas,LoRA + SAS,/content/drive/MyDrive/project-ADI/llama31-1b-movielens-ranking-lora,candidates,model_choice,5795,8,F,F,1,5,1,1.5,1.5,299,5.137034053013302,45.85428900137429,30.639858228651782,18.368818716960625,0.0,0.0,0.10843429797899125,99.66711854067252,0.2060323031257248,0.018414858222765007,0.0,0.0,4.842238651181907,4.208574038936245,89.84400406062045,1.1051832492613938,0.0,0.0,0.0,0.0,0.0,0.0,0.0,0.0
lora_sas,LoRA + SAS,/content/drive/MyDrive/project-ADI/llama31-1b-movielens-ranking-lora,candidates,ground_truth,5924,1,A,A,1,1,1,0.5,0.5,299,5.902925336425629,40.74777960241715,35.954131490339655,17.39516357081757,0.0,0.0,0.10000283012788369,99.68593943929565,0.19495474072929633,0.019102989847158906,0.0,0.0,7.2499627821036094,7.647219873796468,83.66312541411986,1.4396919299800555,0.0,0.0,0.0,0.0,0.0,0.0,0.0,0.0
lora_sas,LoRA + SAS,/content/drive/MyDrive/project-ADI/llama31-1b-movielens-ranking-lora,candidates,model_choice,5924,1,A,A,1,1,1,0.5,0.5,299,5.902925336425629,40.74777960241715,35.954131490339655,17.39516357081757,0.0,0.0,0.10000283012788369,99.68593943929565,0.19495474072929633,0.019102989847158906,0.0,0.0,7.2499627821036094,7.647219873796468,83.66312541411986,1.4396919299800555,0.0,0.0,0.0,0.0,0.0,0.0,0.0,0.0
lora_sas,LoRA + SAS,/content/drive/MyDrive/project-ADI/llama31-1b-movielens-ranking-lora,candidates,ground_truth,5955,6,F,G,7,7,1,1.375,-1.75,329,4.019728392964002,40.451762983306054,35.08432038324517,20.444188240484767,0.0,0.0,0.10857467580975035,99.66327913143232,0.20987755854673795,0.018268634211201014,0.0,0.0,4.359038718443956,3.3613185623265407,91.32378263147518,0.955860087754318,0.0,0.0,0.0,0.0,0.0,0.0,0.0,0.0
lora_sas,LoRA + SAS,/content/drive/MyDrive/project-ADI/llama31-1b-movielens-ranking-lora,candidates,model_choice,5955,6,G,G,1,7,1,1.375,1.375,329,3.6922921027042053,40.96059646266831,31.33105571265606,24.016055721971423,0.0,0.0,0.10857467580975035,99.66327913143232,0.20987755854673795,0.018268634211201014,0.0,0.0,4.359038718443956,3.3613185623265407,91.32378263147518,0.955860087754318,0.0,0.0,0.0,0.0,0.0,0.0,0.0,0.0
